Link, Anchor Text
"http://www.presidency.ucsb.edu/ws/index.php?pid=25800", April 30, 1789
"http://www.presidency.ucsb.edu/ws/index.php?pid=25801", March 4, 1793
"http://www.presidency.ucsb.edu/ws/index.php?pid=25802", March 4, 1797
"http://www.presidency.ucsb.edu/ws/index.php?pid=25803", March 4, 1801
"http://www.presidency.ucsb.edu/ws/index.php?pid=25804", March 4, 1805
"http://www.presidency.ucsb.edu/ws/index.php?pid=25805", March 4, 1809
"http://www.presidency.ucsb.edu/ws/index.php?pid=25806", March 4, 1813
"http://www.presidency.ucsb.edu/ws/index.php?pid=25807", March 4, 1817
"http://www.presidency.ucsb.edu/ws/index.php?pid=25808", March 4, 1821
"http://www.presidency.ucsb.edu/ws/index.php?pid=25809", March 4, 1825
"http://www.presidency.ucsb.edu/ws/index.php?pid=25810", March 4, 1829
"http://www.presidency.ucsb.edu/ws/index.php?pid=25811", March 4, 1833
"http://www.presidency.ucsb.edu/ws/index.php?pid=25812", March 4, 1837
"http://www.presidency.ucsb.edu/ws/index.php?pid=25813", March 4, 1841
"http://www.presidency.ucsb.edu/ws/index.php?pid=25814", March 4, 1845
"http://www.presidency.ucsb.edu/ws/index.php?pid=25815", March 5, 1849
"http://www.presidency.ucsb.edu/ws/index.php?pid=25816", March 4, 1853
"http://www.presidency.ucsb.edu/ws/index.php?pid=25817", March 4, 1857
"http://www.presidency.ucsb.edu/ws/index.php?pid=25818", March 4, 1861
"http://www.presidency.ucsb.edu/ws/index.php?pid=25819", March 4, 1865
"http://www.presidency.ucsb.edu/ws/index.php?pid=25820", March 4, 1869
"http://www.presidency.ucsb.edu/ws/index.php?pid=25821", March 4, 1873
"http://www.presidency.ucsb.edu/ws/index.php?pid=25822", March 5, 1877
"http://www.presidency.ucsb.edu/ws/index.php?pid=25823", March 4, 1881
"http://www.presidency.ucsb.edu/ws/index.php?pid=25824", March 4, 1885
"http://www.presidency.ucsb.edu/ws/index.php?pid=25825", March 4, 1889
"http://www.presidency.ucsb.edu/ws/index.php?pid=25826", March 4, 1893
"http://www.presidency.ucsb.edu/ws/index.php?pid=25827", March 4, 1897
"http://www.presidency.ucsb.edu/ws/index.php?pid=25828", March 4, 1901
"http://www.presidency.ucsb.edu/ws/index.php?pid=25829", March 4, 1905
"http://www.presidency.ucsb.edu/ws/index.php?pid=25830", March 4, 1909
"http://www.presidency.ucsb.edu/ws/index.php?pid=25831", March 4, 1913
"http://www.presidency.ucsb.edu/ws/index.php?pid=25832", March 4, 1917
"http://www.presidency.ucsb.edu/ws/index.php?pid=25833", March 4, 1921
"http://www.presidency.ucsb.edu/ws/index.php?pid=25834", March 4, 1925
"http://www.presidency.ucsb.edu/ws/index.php?pid=21804", March 4, 1929
"http://www.presidency.ucsb.edu/ws/index.php?pid=14473", March 4, 1933
"http://www.presidency.ucsb.edu/ws/index.php?pid=15349", January 20, 1937
"http://www.presidency.ucsb.edu/ws/index.php?pid=16022", January 20, 1941
"http://www.presidency.ucsb.edu/ws/index.php?pid=16607", January 20, 1945
"http://www.presidency.ucsb.edu/ws/index.php?pid=13282", January 20, 1949
"http://www.presidency.ucsb.edu/ws/index.php?pid=9600", January 20, 1953
"http://www.presidency.ucsb.edu/ws/index.php?pid=10856", January 21, 1957
"http://www.presidency.ucsb.edu/ws/index.php?pid=8032", January 20, 1961
"http://www.presidency.ucsb.edu/ws/index.php?pid=26985", January 20, 1965
"http://www.presidency.ucsb.edu/ws/index.php?pid=1941", January 20, 1969
"http://www.presidency.ucsb.edu/ws/index.php?pid=4141", January 20, 1973
"http://www.presidency.ucsb.edu/ws/index.php?pid=6575", January 20, 1977
"http://www.presidency.ucsb.edu/ws/index.php?pid=43130", January 20, 1981
"http://www.presidency.ucsb.edu/ws/index.php?pid=38688", January 21, 1985
"http://www.presidency.ucsb.edu/ws/index.php?pid=16610", January 20, 1989
"http://www.presidency.ucsb.edu/ws/index.php?pid=46366", January 20, 1993
"http://www.presidency.ucsb.edu/ws/index.php?pid=54183", January 20, 1997
"http://www.presidency.ucsb.edu/ws/index.php?pid=25853", January 20, 2001
"http://www.presidency.ucsb.edu/ws/index.php?pid=58745", January 20, 2005
"http://www.presidency.ucsb.edu/ws/index.php?pid=44", January 20, 2009
"http://www.presidency.ucsb.edu/ws/index.php?pid=102827", January 21, 2013
"http://www.presidency.ucsb.edu/ws/index.php?pid=120000", January 20, 2017